Наименование материала;Стоимость
ЛДСП 10 Ст1 P2 Е0,5 2750*1830 K черный;1139,2
ЛДСП 10 Ст1 P2 Е0,5 2750*1830 K черный;1139,2
ЛДСП 10 Ст1 P2 Е0,5 2750*1830 P серый 7810;1139,2
ЛДСП 10 Ст1 P2 Е0,5 2750*1830 P черный;1139,2
ЛДСП 10 Ст1 P2 Е0,5 2750*1830 P черный;1139,2
ЛДСП 10 Ст1 P2 Е0,5 2750*1830 R дуб дымчатый;1139,2
ЛДСП 10 Ст1 P2 Е0,5 2750*1830 R Эльбрус;1139,2
ЛДСП 10 Ст1 P2 Е0,5 2750*1830 R ясень светлый;1139,2
ЛДСП 10 Ст1 P2 Е0,5 2750*1830 R ясень светлый;1139,2
ЛДСП 10 Ст1 P2 Е0,5 2750*1830 Р Белый;1139,2
ЛДСП 10 Ст1 Р2 Е0,5 2750*1830 R сканди;1139,2
ЛДСП 10 Ст1 Р2 Е0,5 2750*1830 R ясень;1139,2
ЛДСП 10 Ст1 Р2 Е0,5 2750*1830 L Вулканический серый;1139,2
ЛДСП 10 Ст1 Р2 Е0,5 2750*1830 P вулканический серый;1139,2
ЛДСП 10 Ст1 Р2 Е0,5 2750*1830 P имбирь 01;1139,2
ЛДСП 10 Ст1 Р2 Е0,5 2750*1830 P имбирь 01;1139,2
ЛДСП 10 Ст1 Р2 Е0,5 2750*1830 P кремовый 01;1139,2
ЛДСП 10 Ст1 Р2 Е0,5 2750*1830 P кремовый 01;1139,2
ЛДСП 10 Ст1 Р2 Е0,5 2750*1830 R выбеленное дерево;1139,2
ЛДСП 10 Ст1 Р2 Е0,5 2750*1830 R дуб вотан;1139,2
ЛДСП 10 Ст1 P2 Е0,5 2750*1830 D Бетон пайн белый;1281,6
ЛДСП 10 Ст1 P2 Е0,5 2750*1830 D Бетон пайн белый;1281,6
ЛДСП 10 Ст1 P2 Е0,5 2750*1830 D Бетон пайн экзотик;1281,6
ЛДСП 10 Ст1 P2 Е0,5 2750*1830 D каньон песчаный;1281,6
ЛДСП 10 Ст1 Р2 Е0,5 2750*1830 U белоснежный;1441,8
ЛДСП 10 Ст1 P2 Е0,5 2750*1830 L Альфа;1281,6
ЛДСП 10 Ст1 P2 Е0,5 2750*1830 L Орион;1281,6
ЛДСП 10 Ст1 P2 Е0,5 2750*1830 L Терраццо;1281,6
ЛДСП 10 Ст1 P2 Е0,5 2750*1830 К Трансильвания;1281,6
ЛДСП 10 Ст1 Р2 Е0,5 2750*1830 L Графит;1281,6
ЛДСП 10 Ст1 Р2 Е0,5 2750*1830 L Клио;1281,6
ЛДСП 10 Ст1 Р2 Е0,5 2750*1830 L Маренго;1281,6
ЛДСП 10 Ст1 Р2 Е0,5 2750*1830 L Соната;1281,6
ЛДСП 10 Ст1 Р2 Е0,5 2750*1830 L Тэффи;1281,6
ЛДСП 10 Ст1 Р2 Е0,5 2750*1830 L Фреска;1281,6
ЛДСП 10 Ст1 Р2 Е0,5 2750*1830 P алюминий;1281,6
ЛДСП 10 Ст1 Р2 Е0,5 2750*1830 P графит;1281,6
ЛДСП 10 Ст1 Р2 Е0,5 2750*1830 P Серый камень;1281,6
ЛДСП 10 Ст1 Р2 Е0,5 2750*1830 V слэйт;1281,6
ЛДСП 10 Ст1 Р2 Е0,5 2750*1830 К бохо;1281,6
ЛДСП 10 Ст1 Р2 Е0,5 2750*1830 К графит;1281,6
ЛДСП 10 Ст1 Р2 Е0,5 2750*1830 К клауд;1281,6
ЛДСП 10 Ст1 Р2 Е0,5 2750*1830 К кэнди;1281,6
ЛДСП 10 Ст1 Р2 Е0,5 2750*1830 К рейн;1281,6
ЛДСП 10 Ст1 Р2 Е0,5 2750*1830 К софт;1281,6
ЛДСП 10 Ст1 Р2 Е0,5 2750*1830 К фантом;1281,6
ЛДСП 10 Ст1 Р2 Е0,5 2750*1830 К флай;1281,6
ЛДСП 10 Ст1 Р2 Е0,5 2750*1830 К флекс;1281,6
ЛДСП 10 Ст1 Р2 Е0,5 2750*1830 К хаки;1281,6
ЛДСП 10 Ст1 Р2 Е0,5 2750*1830 К хюгге;1281,6
ЛДСП 10 Ст1 Р2 Е0,5 2750*1830 К Цемент;1281,6
ЛДСП 10 Ст1 P2 Е0,5 2750*1830 D Альберо;1530,8
ЛДСП 10 Ст1 P2 Е0,5 2750*1830 D Винтаж;1530,8
ЛДСП 10 Ст1 P2 Е0,5 2750*1830 D Дельмар;1530,8
ЛДСП 10 Ст1 P2 Е0,5 2750*1830 D кейптаун;1530,8
ЛДСП 10 Ст1 P2 Е0,5 2750*1830 D Либерти;1530,8
ЛДСП 10 Ст1 P2 Е0,5 2750*1830 D Небула;1530,8
ЛДСП 10 Ст1 P2 Е0,5 2750*1830 D Плэйн;1530,8
ЛДСП 10 Ст1 P2 Е0,5 2750*1830 D Феникс;1530,8
ЛДСП 10 Ст1 P2 Е0,5 2750*1830 N Айронвуд;1530,8
ЛДСП 10 Ст1 P2 Е0,5 2750*1830 D* блэквуд;1691
ЛДСП 10 Ст1 P2 Е0,5 2750*1830 D* намибия;1691
ЛДСП 10 Ст1 P2 Е0,5 2750*1830 D* Соул;1691
ЛДСП 10 Ст1 P2 Е0,5 2750*1830 D* Хронос;1691
ЛДСП 10 Ст1 Р2 Е0,5 2750*1830 L Графика;1370,6
ЛДСП 10 Ст1 Р2 Е0,5 2750*1830 V малави;1370,6
ЛДСП 10 Ст1 Р2 Е0,5 2750*1830 К Терра;1370,6
ЛДСП 16 Ст1 P2 Е0,5 2750*1830 F черный;1246
ЛДСП 16 Ст1 P2 Е0,5 2750*1830 F черный;1246
ЛДСП 16 Ст1 P2 Е0,5 2750*1830 L белоснежный;1246
ЛДСП 16 Ст1 P2 Е0,5 2750*1830 L вулканический серый;1246
ЛДСП 16 Ст1 P2 Е0,5 2750*1830 L кремовый;1246
ЛДСП 16 Ст1 P2 Е0,5 2750*1830 P белоснежный;1246
ЛДСП 16 Ст1 P2 Е0,5 2750*1830 P имбирь 01;1246
ЛДСП 16 Ст1 P2 Е0,5 2750*1830 P имбирь 01;1246
ЛДСП 16 Ст1 P2 Е0,5 2750*1830 P Супер белый;1246
ЛДСП 16 Ст1 P2 Е0,5 2750*1830 P Супер белый;1246
ЛДСП 16 Ст1 P2 Е0,5 2750*1830 P черный;1246
ЛДСП 16 Ст1 P2 Е0,5 2750*1830 P черный;1246
ЛДСП 16 Ст1 P2 Е0,5 2750*1830 R Бетон пайн экзотик;1246
ЛДСП 16 Ст1 P2 Е0,5 2750*1830 R венге соренто;1246
ЛДСП 16 Ст1 P2 Е0,5 2750*1830 R венге темный;1246
ЛДСП 16 Ст1 P2 Е0,5 2750*1830 R Вяз Швейцарский;1246
ЛДСП 16 Ст1 P2 Е0,5 2750*1830 R Дуб Вотан;1246
ЛДСП 16 Ст1 P2 Е0,5 2750*1830 R Дуб сонома;1246
ЛДСП 16 Ст1 P2 Е0,5 2750*1830 R Пальмира;1246
ЛДСП 16 Ст1 P2 Е0,5 2750*1830 R Сканди;1246
ЛДСП 16 Ст1 P2 Е0,5 2750*1830 R ясень;1246
ЛДСП 16 Ст1 P2 Е0,5 2750*1830 R Ясень Борнхольм;1246
ЛДСП 16 Ст1 P2 Е0,5 2750*1830 R Ясень Борнхольм;1246
ЛДСП 16 Ст1 P2 Е0,5 2750*1830 R ясень светлый;1246
ЛДСП 16 Ст1 P2 Е0,5 2750*1830 R ясень светлый;1246
ЛДСП 16 Ст1 P2 Е0,5 2750*1830 R ясень темный;1246
ЛДСП 16 Ст1 P2 Е0,5 2750*1830 R ясень темный;1246
ЛДСП 16 Ст1 P2 Е0,5 2750*1830 T бук натур;1246
ЛДСП 16 Ст1 P2 Е0,5 2750*1830 T венге соренто;1246
ЛДСП 16 Ст1 P2 Е0,5 2750*1830 T дуб молочный;1246
ЛДСП 16 Ст1 P2 Е0,5 2750*1830 T ноче гварнери;1246
ЛДСП 16 Ст1 P2 Е0,5 2750*1830 T ноче мария луиза;1246
ЛДСП 16 Ст1 P2 Е0,5 2750*1830 V Вулканический серый;1246
ЛДСП 16 Ст1 P2 Е0,5 2750*1830 К серый 7810;1246
ЛДСП 16 Ст1 P2 Е0,5 2750*1830 К Сканди;1246
ЛДСП 16 Ст1 P2 Е0,5 2750*1830 Т Эльбрус;1246
ЛДСП 16 Ст1 Р2 Е 0,5 2750*1830 A имбирь 01;1246
ЛДСП 16 Ст1 Р2 Е 0,5 2750*1830 A имбирь 01;1246
ЛДСП 16 Ст1 Р2 Е0,5 2750*1830 P Вулканический серый;1246
ЛДСП 16 Ст1 Р2 Е0,5 2750*1830 P кремовый 01;1246
ЛДСП 16 Ст1 Р2 Е0,5 2750*1830 P кремовый 01;1246
ЛДСП 16 Ст1 Р2 Е0,5 2750*1830 R бамбук;1246
ЛДСП 16 Ст1 Р2 Е0,5 2750*1830 R белый;1246
ЛДСП 16 Ст1 Р2 Е0,5 2750*1830 R выбеленное дерево;1246
ЛДСП 16 Ст1 Р2 Е0,5 2750*1830 R капучино;1246
ЛДСП 16 Ст1 Р2 Е0,5 2750*1830 R ледяной каньон;1246
ЛДСП 16 Ст1 Р2 Е0,5 2750*1830 R песчаный каньон;1246
ЛДСП 16 Ст1 Р2 Е0,5 2750*1830 T бук бавария светлый;1246
ЛДСП 16 Ст1 Р2 Е0,5 2750*1830 T калипсо;1246
ЛДСП 16 Ст1 Р2 Е0,5 2750*1830 T ольха светлая;1246
ЛДСП 16 Ст1 Р2 Е0,5 2750*1830 T ясень темный;1246
ЛДСП 16 Ст1 Р2 Е0,5 2750*1830 T ясень темный;1246
ЛДСП 16 Ст1 Р2 Е0,5 2750*1830 V черный;1246
ЛДСП 16 Ст1 Р2 Е0,5 2750*1830 V черный;1246
ЛДСП 16 Ст1 Р2 Е0,5 2750*1830 К бетон пайн экзотик;1246
ЛДСП 16 Ст1 Р2 Е0,5 2750*1830 Т белый;1246
ЛДСП 16 Ст1 Р5 Е1 2750*1830 L белый;1246
ЛДСП 16 Ст1 Р5 Е1 2750*1830 L супер белый;1246
ЛДСП 16 Ст1 Р5 Е1 2750*1830 L супер белый;1246
ЛДСП 16 Ст1 Р5 Е1 2750*1830 O серый 7810;1246
ЛДСП 16 Ст1 Р5 Е1 2750*1830 К белоснежный;1246
ЛДСП 16 Ст1 P2 Е0,5 2750*1830 L Супер белый;1246
ЛДСП 16 Ст1 P2 Е0,5 2750*1830 L Супер белый;1246
ЛДСП 16 Ст1 P2 Е0,5 2750*1830 R дуб дымчатый;1246
ЛДСП 16 Ст1 P2 Е0,5 2750*1830 К имбирь;1246
ЛДСП 16 Ст1 Р2 Е0,5 2750*1830 P серый 7810;1246
ЛДСП 16 Ст1 P2 Е0,5 2750*1830 L белый кристалл;1246
ЛДСП 16 Ст1 P2 Е0,5 2750*1830 P Белый Кристалл;1246
ЛДСП 16 Ст1 P2 Е0,5 2750*1830 T белый кристалл;1246
ЛДСП 16 Ст1 P2 Е0,5 2750*1830 К белый кристалл;1246
ЛДСП 16 Ст1 P2 Е0,5 2750*1830 D бетон пайн белый;1352,8
ЛДСП 16 Ст1 P2 Е0,5 2750*1830 D бетон пайн белый;1352,8
ЛДСП 16 Ст1 P2 Е0,5 2750*1830 D бетон пайн экзотик;1352,8
ЛДСП 16 Ст1 P2 Е0,5 2750*1830 D вяз швейцарский;1352,8
ЛДСП 16 Ст1 P2 Е0,5 2750*1830 D дуб дымчатый;1352,8
ЛДСП 16 Ст1 P2 Е0,5 2750*1830 D каньон ледяной;1352,8
ЛДСП 16 Ст1 P2 Е0,5 2750*1830 US белоснежный;1352,8
ЛДСП 16 Ст1 P2 Е0,5 2750*1830 US черный;1352,8
ЛДСП 16 Ст1 P2 Е0,5 2750*1830 US черный;1352,8
ЛДСП 16 Ст1 P2 Е0,5 2750*1830 D белый кристалл;1352,8
ЛДСП 16 Ст1 P2 Е0,5 2750*1830 N Белый кристалл;1352,8
ЛДСП 16 Ст1 P2 Е0,5 2750*1830 U белоснежный;1495,2
ЛДСП 16 Ст1 P2 Е0,5 2750*1830 A Этно;1370,6
ЛДСП 16 Ст1 P2 Е0,5 2750*1830 L Альфа;1370,6
ЛДСП 16 Ст1 P2 Е0,5 2750*1830 L белый кристалл;1370,6
ЛДСП 16 Ст1 P2 Е0,5 2750*1830 L Графит;1370,6
ЛДСП 16 Ст1 P2 Е0,5 2750*1830 L Клио;1370,6
ЛДСП 16 Ст1 P2 Е0,5 2750*1830 L Маренго;1370,6
ЛДСП 16 Ст1 P2 Е0,5 2750*1830 L Муссон;1370,6
ЛДСП 16 Ст1 P2 Е0,5 2750*1830 L Орион;1370,6
ЛДСП 16 Ст1 P2 Е0,5 2750*1830 L Серый камень;1370,6
ЛДСП 16 Ст1 P2 Е0,5 2750*1830 L Терраццо;1370,6
ЛДСП 16 Ст1 P2 Е0,5 2750*1830 L Тэффи;1370,6
ЛДСП 16 Ст1 P2 Е0,5 2750*1830 P алюминий;1370,6
ЛДСП 16 Ст1 P2 Е0,5 2750*1830 P Белый Кристалл;1370,6
ЛДСП 16 Ст1 P2 Е0,5 2750*1830 P графит;1370,6
ЛДСП 16 Ст1 P2 Е0,5 2750*1830 P лайм;1370,6
ЛДСП 16 Ст1 P2 Е0,5 2750*1830 P манго;1370,6
ЛДСП 16 Ст1 P2 Е0,5 2750*1830 P сепия;1370,6
ЛДСП 16 Ст1 P2 Е0,5 2750*1830 P серый камень;1370,6
ЛДСП 16 Ст1 P2 Е0,5 2750*1830 P слэйт;1370,6
ЛДСП 16 Ст1 P2 Е0,5 2750*1830 P тэффи;1370,6
ЛДСП 16 Ст1 P2 Е0,5 2750*1830 P чили;1370,6
ЛДСП 16 Ст1 P2 Е0,5 2750*1830 R альберо;1370,6
ЛДСП 16 Ст1 P2 Е0,5 2750*1830 R Блэквуд;1370,6
ЛДСП 16 Ст1 P2 Е0,5 2750*1830 R Кейптаун;1370,6
ЛДСП 16 Ст1 P2 Е0,5 2750*1830 R Намибия;1370,6
ЛДСП 16 Ст1 P2 Е0,5 2750*1830 R орех неаполь;1370,6
ЛДСП 16 Ст1 P2 Е0,5 2750*1830 R Ориноко;1370,6
ЛДСП 16 Ст1 P2 Е0,5 2750*1830 R фламинго;1370,6
ЛДСП 16 Ст1 P2 Е0,5 2750*1830 T белый кристалл;1370,6
ЛДСП 16 Ст1 P2 Е0,5 2750*1830 V Карум;1370,6
ЛДСП 16 Ст1 P2 Е0,5 2750*1830 V Помпеи;1370,6
ЛДСП 16 Ст1 P2 Е0,5 2750*1830 V рускеала;1370,6
ЛДСП 16 Ст1 P2 Е0,5 2750*1830 К Аура;1370,6
ЛДСП 16 Ст1 P2 Е0,5 2750*1830 К белый кристалл;1370,6
ЛДСП 16 Ст1 P2 Е0,5 2750*1830 К бохо;1370,6
ЛДСП 16 Ст1 P2 Е0,5 2750*1830 К Гамбия;1370,6
ЛДСП 16 Ст1 P2 Е0,5 2750*1830 К Графит;1370,6
ЛДСП 16 Ст1 P2 Е0,5 2750*1830 К Дуо;1370,6
ЛДСП 16 Ст1 P2 Е0,5 2750*1830 К Клауд;1370,6
ЛДСП 16 Ст1 P2 Е0,5 2750*1830 К Кэнди;1370,6
ЛДСП 16 Ст1 P2 Е0,5 2750*1830 К Лило;1370,6
ЛДСП 16 Ст1 P2 Е0,5 2750*1830 К маренго;1370,6
ЛДСП 16 Ст1 P2 Е0,5 2750*1830 К Муза;1370,6
ЛДСП 16 Ст1 P2 Е0,5 2750*1830 К муссон;1370,6
ЛДСП 16 Ст1 P2 Е0,5 2750*1830 К Нейро;1370,6
ЛДСП 16 Ст1 P2 Е0,5 2750*1830 К Рамбла;1370,6
ЛДСП 16 Ст1 P2 Е0,5 2750*1830 К Рейн;1370,6
ЛДСП 16 Ст1 P2 Е0,5 2750*1830 К серый камень;1370,6
ЛДСП 16 Ст1 P2 Е0,5 2750*1830 К Соната;1370,6
ЛДСП 16 Ст1 P2 Е0,5 2750*1830 К Софт;1370,6
ЛДСП 16 Ст1 P2 Е0,5 2750*1830 К тэффи;1370,6
ЛДСП 16 Ст1 P2 Е0,5 2750*1830 К Флай;1370,6
ЛДСП 16 Ст1 P2 Е0,5 2750*1830 К Фрост;1370,6
ЛДСП 16 Ст1 P2 Е0,5 2750*1830 К хаки;1370,6
ЛДСП 16 Ст1 P2 Е0,5 2750*1830 К Хюгге;1370,6
ЛДСП 16 Ст1 Р2 Е0,5 2750*1830 P титан;1370,6
ЛДСП 16 Ст1 Р2 Е0,5 2750*1830 R ноче мондиале;1370,6
ЛДСП 16 Ст1 Р2 Е0,5 2750*1830 T береза нордик;1370,6
ЛДСП 16 Ст1 Р2 Е0,5 2750*1830 T дуб галиано;1370,6
ЛДСП 16 Ст1 Р2 Е0,5 2750*1830 T дуб кальяри;1370,6
ЛДСП 16 Ст1 Р2 Е0,5 2750*1830 V Слэйт;1370,6
ЛДСП 16 Ст1 Р2 Е0,5 2750*1830 К Цемент;1370,6
ЛДСП 16 Ст1 P2 Е0,5 2750*1830 D Айконик;1566,4
ЛДСП 16 Ст1 P2 Е0,5 2750*1830 D Айронвуд;1566,4
ЛДСП 16 Ст1 P2 Е0,5 2750*1830 D Альберо;1566,4
ЛДСП 16 Ст1 P2 Е0,5 2750*1830 D белый кристалл;1566,4
ЛДСП 16 Ст1 P2 Е0,5 2750*1830 D Дельмар;1566,4
ЛДСП 16 Ст1 P2 Е0,5 2750*1830 D Либерти;1566,4
ЛДСП 16 Ст1 P2 Е0,5 2750*1830 D Небула;1566,4
ЛДСП 16 Ст1 P2 Е0,5 2750*1830 D орех мармара;1566,4
ЛДСП 16 Ст1 P2 Е0,5 2750*1830 D Плэйн;1566,4
ЛДСП 16 Ст1 P2 Е0,5 2750*1830 D Феникс;1566,4
ЛДСП 16 Ст1 P2 Е0,5 2750*1830 N Айронвуд;1566,4
ЛДСП 16 Ст1 P2 Е0,5 2750*1830 N Белый кристалл;1566,4
ЛДСП 16 Ст1 P2 Е0,5 2750*1830 N Цемент;1566,4
ЛДСП 16 Ст1 P2 Е0,5 2750*1830 D* Блэквуд;1708,8
ЛДСП 16 Ст1 P2 Е0,5 2750*1830 D* Крафт;1708,8
ЛДСП 16 Ст1 P2 Е0,5 2750*1830 D* Намибия;1708,8
ЛДСП 16 Ст1 P2 Е0,5 2750*1830 D* Хронос;1708,8
ЛДСП 16 Ст1 P2 Е0,5 2750*1830 N* альфа;1708,8
ЛДСП 16 Ст1 P2 Е0,5 2750*1830 L Аметист;1495,2
ЛДСП 16 Ст1 P2 Е0,5 2750*1830 L Графика;1495,2
ЛДСП 16 Ст1 P2 Е0,5 2750*1830 L Гринери;1495,2
ЛДСП 16 Ст1 P2 Е0,5 2750*1830 L Магма;1495,2
ЛДСП 16 Ст1 P2 Е0,5 2750*1830 L Малави;1495,2
ЛДСП 16 Ст1 P2 Е0,5 2750*1830 L Розовый кварц;1495,2
ЛДСП 16 Ст1 P2 Е0,5 2750*1830 L Скала;1495,2
ЛДСП 16 Ст1 P2 Е0,5 2750*1830 P Коралл;1495,2
ЛДСП 16 Ст1 P2 Е0,5 2750*1830 P розовый кварц;1495,2
ЛДСП 16 Ст1 P2 Е0,5 2750*1830 P серенити;1495,2
ЛДСП 16 Ст1 P2 Е0,5 2750*1830 P скала;1495,2
ЛДСП 16 Ст1 P2 Е0,5 2750*1830 P солнечный;1495,2
ЛДСП 16 Ст1 P2 Е0,5 2750*1830 R элит баттл рок;1495,2
ЛДСП 16 Ст1 P2 Е0,5 2750*1830 V Малави;1495,2
ЛДСП 16 Ст1 P2 Е0,5 2750*1830 V скала;1495,2
ЛДСП 16 Ст1 P2 Е0,5 2750*1830 К Парма;1495,2
ЛДСП 16 Ст1 P2 Е0,5 2750*1830 К Розовый кварц;1495,2
ЛДСП 16 Ст1 P2 Е0,5 2750*1830 К Терра;1495,2
ЛДСП 16 Ст1 Р2 Е0,5 2750*1830 P аметист;1495,2
ЛДСП 16 Ст1 Р2 Е0,5 2750*1830 P ирис;1495,2
ЛДСП 16 Ст1 Р2 Е0,5 2750*1830 P розовый жемчуг;1495,2
ЛДСП 16 Ст1 Р2 Е0,5 2750*1830 R дуб солсбери;1495,2
ЛДСП 16 Ст1 P2 Е0,5 2750*1830 N магма;1708,8
ЛДСП 16 Ст1 P2 Е0,5 2750*1830 N* графика;1833,4
ЛДСП 18 Ст1 P2 Е0,5 2750*1830 L белый;1317,2
ЛДСП 18 Ст1 P2 Е0,5 2750*1830 O белоснежный;1317,2
ЛДСП 18 Ст1 P2 Е0,5 2750*1830 P Белоснежный;1317,2
ЛДСП 18 Ст1 P2 Е0,5 2750*1830 T венге соренто;1317,2
ЛДСП 18 Ст1 P2 Е0,5 2750*1830 T дуб молочный;1317,2
ЛДСП 18 Ст1 Р2 Е0,5 2750*1830 P белый;1317,2
ЛДСП 18 Ст1 Р2 Е0,5 2750*1830 R выбеленное дерево;1317,2
ЛДСП 18 Ст1 Р2 Е0,5 2750*1830 R дуб дымчатый;1317,2
ЛДСП 18 Ст1 Р2 Е0,5 2750*1830 R дуб галиано;1424
ЛДСП 18 Ст1 Р2 Е0,5 2750*1830 V Слэйт;1424
ЛДСП 18 Ст1 Р5 Е1 2750*1830 V Слэйт;1424
ЛДСП 18 Ст1 P2 Е0,5 2750*1830 K Скала;1548,6
ЛДСП 18 Ст1 P2 Е0,5 2750*1830 D* Элит Баттл Рок;1904,6
ЛДСП 22 Ст1 P2 Е0,5 2750*1830 T Ольха светлая;1477,4
ЛДСП 22 Ст1 Р2 Е0,5 2750*1830 P кремовый;1477,4
ЛДСП 22 Ст1 Р2 Е0,5 2750*1830 P черный;1477,4
ЛДСП 22 Ст1 Р2 Е0,5 2750*1830 P черный;1477,4
ЛДСП 22 Ст1 Р2 Е0,5 2750*1830 T бук бавария светлый;1477,4
ЛДСП 22 Ст1 P2 Е0,5 2750*1830 T Береза нордик;1691
ЛДСП 22 Ст1 Р2 Е0,5 2750*1830 V слэйт;1691
ЛДСП 22 Ст1 P2 Е0,5 2750*1830 D* намибия;1940,2
ЛДСП 22 Ст1 Р2 Е0,5 2750*1830 V малави;1762,2
ЛДСП 26 Ст1 P2 Е0,5 2750*1830 P Белоснежный;1673,2
ЛДСП 26 Ст1 P2 Е0,5 2750*1830 R черный;1673,2
ЛДСП 26 Ст1 P2 Е0,5 2750*1830 R черный;1673,2
ЛДСП 26 Ст1 P2 Е0.5 2750*1830 R Бамбук;1673,2
ЛДСП 26 Ст1 P2 Е0.5 2750*1830 R Эльбрус;1673,2
ЛДСП 26 Ст1 Р2 Е0,5 2750*1830 P супер белый;1673,2
ЛДСП 26 Ст1 Р2 Е0,5 2750*1830 P супер белый;1673,2
ЛДСП 26 Ст1 Р2 Е0,5 2750*1830 R выбеленное дерево;1673,2
ЛДСП 26 Ст1 Р2 Е0,5 2750*1830 R дуб вотан;1673,2
ЛДСП 26 Ст1 Р2 Е0,5 2750*1830 R дуб дымчатый;1673,2
ЛДСП 26 Ст1 Р2 Е0,5 2750*1830 T Бук бавария светлый;1673,2
ЛДСП 26 Ст1 Р2 Е0,5 2750*1830 К Вулканический серый;1673,2
ЛДСП 26 Ст1 Р2 Е0,5 2750*1830 К Черный;1673,2
ЛДСП 26 Ст1 Р2 Е0,5 2750*1830 К Черный;1673,2
ЛДСП 26 Ст1 Р2 Е0,5 2750*1830 P серый 7810;1673,2
ЛДСП 26 Ст1 Р2 Е0,5 2750*1830 L Белый кристалл;1673,2
ЛДСП 26 Ст1 P2 Е0,5 2750*1830 D бетон пайн экзотик;1833,4
ЛДСП 26 Ст1 P2 Е0,5 2750*1830 D каньон ледяной;1833,4
ЛДСП 26 Ст1 P2 Е0,5 2750*1830 U белоснежный;1993,6
ЛДСП 26 Ст1 P2 Е0,5 2750*1830 L графит;1851,2
ЛДСП 26 Ст1 P2 Е0,5 2750*1830 L клио;1851,2
ЛДСП 26 Ст1 P2 Е0,5 2750*1830 L маренго;1851,2
ЛДСП 26 Ст1 P2 Е0,5 2750*1830 L муссон;1851,2
ЛДСП 26 Ст1 P2 Е0,5 2750*1830 L орион;1851,2
ЛДСП 26 Ст1 P2 Е0,5 2750*1830 L тэффи;1851,2
ЛДСП 26 Ст1 P2 Е0,5 2750*1830 К трансильвания;1851,2
ЛДСП 26 Ст1 P2 Е0.5 2750*1830 R Альберо;1851,2
ЛДСП 26 Ст1 Р2 Е0,5 2750*1830 L Белый кристалл;1851,2
ЛДСП 26 Ст1 Р2 Е0,5 2750*1830 T дуб кальяри;1851,2
ЛДСП 26 Ст1 Р2 Е0,5 2750*1830 К Бохо;1851,2
ЛДСП 26 Ст1 Р2 Е0,5 2750*1830 К Клио;1851,2
ЛДСП 26 Ст1 Р2 Е0,5 2750*1830 К Кэнди;1851,2
ЛДСП 26 Ст1 Р2 Е0,5 2750*1830 К Нейро;1851,2
ЛДСП 26 Ст1 Р2 Е0,5 2750*1830 К Рамбла;1851,2
ЛДСП 26 Ст1 Р2 Е0,5 2750*1830 К софт;1851,2
ЛДСП 26 Ст1 Р2 Е0,5 2750*1830 К Тэффи;1851,2
ЛДСП 26 Ст1 Р2 Е0,5 2750*1830 К Фантом;1851,2
ЛДСП 26 Ст1 Р2 Е0,5 2750*1830 К Флай;1851,2
ЛДСП 26 Ст1 Р2 Е0,5 2750*1830 К Флекс;1851,2
ЛДСП 26 Ст1 Р2 Е0,5 2750*1830 К Хаки;1851,2
ЛДСП 26 Ст1 Р2 Е0,5 2750*1830 К Клауд;1851,2
ЛДСП 26 Ст1 P2 Е0,5 2750*1830 D Альберо;2011,4
ЛДСП 26 Ст1 P2 Е0,5 2750*1830 D дельмар;2011,4
ЛДСП 26 Ст1 P2 Е0,5 2750*1830 D Кейптаун;2011,4
ЛДСП 26 Ст1 P2 Е0,5 2750*1830 D Либерти;2011,4
ЛДСП 26 Ст1 P2 Е0,5 2750*1830 D небула;2011,4
ЛДСП 26 Ст1 P2 Е0,5 2750*1830 D Руанда;2011,4
ЛДСП 26 Ст1 P2 Е0,5 2750*1830 D феникс;2011,4
ЛДСП 26 Ст1 P2 Е0,5 2750*1830 N айронвуд;2011,4
ЛДСП 26 Ст1 P2 Е0,5 2750*1830 D* Блэквуд;2153,8
ЛДСП 26 Ст1 P2 Е0,5 2750*1830 D* Намибия;2153,8
ЛДСП 26 Ст1 P2 Е0,5 2750*1830 D* Хронос;2153,8
ЛДСП 26 Ст1 P2 Е0,5 2750*1830 V Малави;1904,6
ЛДСП 26 Ст1 P2 Е0.5 2750*1830 R Дуб солсбери;1904,6
ЛДСП 26 Ст1 Р2 Е0,5 2750*1830 L розовый кварц;1904,6
ЛДСП 26 Ст1 Р2 Е0,5 2750*1830 P аметист;1904,6
ЛДСП 26 Ст1 Р2 Е0,5 2750*1830 P ирис;1904,6
ЛДСП 26 Ст1 Р2 Е0,5 2750*1830 К Терра;1904,6
ЛДСП 26 Ст1 Р2 Е0,5 2750*1830 D* одиссея;2367,4
